{(1, 0): 78, (1, 1): 96, (1, 2): 22, (1, 3): 14, (1, 4): 2, (2, 0): 85, (2, 1): 81, (2, 2): 24, (2, 3): 22, (2, 4): 6, (3, 0): 32, (3, 1): 16, (3, 2): 5, (3, 3): 0, (3, 4): 0, (4, 0): 144, (4, 1): 130, (4, 2): 30, (4, 3): 9, (4, 4): 4}
{(1, 0): 9, (1, 1): 20, (1, 2): 123, (1, 3): 8, (1, 4): 52, (2, 0): 14, (2, 1): 12, (2, 2): 118, (2, 3): 29, (2, 4): 45, (3, 0): 2, (3, 1): 3, (3, 2): 33, (3, 3): 2, (3, 4): 13, (4, 0): 3, (4, 1): 6, (4, 2): 155, (4, 3): 31, (4, 4): 122}
{(1, 0): 61, (1, 1): 16, (1, 2): 52, (1, 3): 47, (1, 4): 5, (1, 5): 4, (1, 6): 11, (1, 7): 0, (1, 8): 2, (1, 9): 13, (1, 10): 1, (2, 0): 49, (2, 1): 17, (2, 2): 27, (2, 3): 63, (2, 4): 2, (2, 5): 7, (2, 6): 12, (2, 7): 0, (2, 8): 3, (2, 9): 32, (2, 10): 6, (3, 0): 15, (3, 1): 1, (3, 2): 11, (3, 3): 18, (3, 4): 1, (3, 5): 0, (3, 6): 3, (3, 7): 0, (3, 8): 0, (3, 9): 4, (3, 10): 0, (4, 0): 62, (4, 1): 43, (4, 2): 54, (4, 3): 103, (4, 4): 3, (4, 5): 5, (4, 6): 15, (4, 7): 0, (4, 8): 3, (4, 9): 28, (4, 10): 1}
{(1, 0): 155, (1, 1): 39, (1, 2): 16, (1, 3): 1, (1, 4): 1, (2, 0): 137, (2, 1): 50, (2, 2): 16, (2, 3): 11, (2, 4): 4, (3, 0): 46, (3, 1): 7, (3, 2): 0, (3, 3): 0, (3, 4): 0, (4, 0): 237, (4, 1): 57, (4, 2): 19, (4, 3): 3, (4, 4): 1}
{(1, 1): 165, (1, 2): 11, (1, 3): 6, (1, 4): 5, (1, 5): 25, (2, 1): 122, (2, 2): 41, (2, 3): 10, (2, 4): 12, (2, 5): 33, (3, 1): 36, (3, 2): 5, (3, 3): 3, (3, 4): 3, (3, 5): 6, (4, 1): 148, (4, 2): 31, (4, 3): 34, (4, 4): 22, (4, 5): 82}
{(1, 1): 15, (1, 2): 35, (1, 3): 76, (1, 4): 37, (1, 5): 49, (2, 1): 21, (2, 2): 47, (2, 3): 66, (2, 4): 34, (2, 5): 50, (3, 1): 1, (3, 2): 14, (3, 3): 18, (3, 4): 6, (3, 5): 14, (4, 1): 15, (4, 2): 41, (4, 3): 110, (4, 4): 63, (4, 5): 88}
{(1, 1): 27, (1, 2): 38, (1, 3): 31, (1, 4): 116, (2, 1): 34, (2, 2): 51, (2, 3): 38, (2, 4): 95, (3, 1): 8, (3, 2): 20, (3, 3): 6, (3, 4): 19, (4, 1): 42, (4, 2): 69, (4, 3): 51, (4, 4): 155}
{(1, 0): 148, (1, 1): 64, (2, 0): 150, (2, 1): 68, (3, 0): 37, (3, 1): 16, (4, 0): 219, (4, 1): 98}
{(1, 1): 186, (1, 2): 10, (1, 3): 16, (2, 1): 192, (2, 2): 8, (2, 3): 18, (3, 1): 50, (3, 2): 2, (3, 3): 1, (4, 1): 302, (4, 2): 10, (4, 3): 5}
{(1, 1): 27, (1, 2): 52, (1, 3): 34, (1, 4): 99, (2, 1): 40, (2, 2): 66, (2, 3): 40, (2, 4): 72, (3, 1): 13, (3, 2): 19, (3, 3): 4, (3, 4): 17, (4, 1): 31, (4, 2): 112, (4, 3): 43, (4, 4): 131}
{(1, 1): 53, (1, 2): 62, (1, 3): 57, (1, 4): 40, (2, 1): 58, (2, 2): 45, (2, 3): 72, (2, 4): 43, (3, 1): 18, (3, 2): 10, (3, 3): 18, (3, 4): 7, (4, 1): 91, (4, 2): 74, (4, 3): 116, (4, 4): 36}
{(1, 0): 0, (1, 1): 89, (1, 2): 59, (1, 3): 35, (1, 4): 29, (2, 0): 0, (2, 1): 85, (2, 2): 78, (2, 3): 32, (2, 4): 23, (3, 0): 0, (3, 1): 22, (3, 2): 14, (3, 3): 11, (3, 4): 6, (4, 0): 1, (4, 1): 99, (4, 2): 117, (4, 3): 55, (4, 4): 45}
{(1, 1): 33, (1, 2): 10, (1, 3): 169, (2, 1): 34, (2, 2): 9, (2, 3): 175, (3, 1): 7, (3, 2): 3, (3, 3): 43, (4, 1): 33, (4, 2): 14, (4, 3): 270}
{(1, 1): 47, (1, 2): 134, (1, 3): 31, (2, 1): 33, (2, 2): 157, (2, 3): 28, (3, 1): 6, (3, 2): 41, (3, 3): 6, (4, 1): 50, (4, 2): 242, (4, 3): 25}
{(1, 1): 140, (1, 2): 64, (1, 3): 6, (1, 4): 2, (2, 1): 147, (2, 2): 64, (2, 3): 6, (2, 4): 1, (3, 1): 40, (3, 2): 10, (3, 3): 3, (3, 4): 0, (4, 1): 181, (4, 2): 127, (4, 3): 8, (4, 4): 1}
{(1, 1): 5, (1, 2): 46, (1, 3): 129, (1, 4): 32, (2, 1): 9, (2, 2): 44, (2, 3): 122, (2, 4): 43, (3, 1): 4, (3, 2): 9, (3, 3): 33, (3, 4): 7, (4, 1): 3, (4, 2): 49, (4, 3): 221, (4, 4): 44}
{(1, 1): 170, (1, 2): 42, (2, 1): 196, (2, 2): 22, (3, 1): 45, (3, 2): 8, (4, 1): 273, (4, 2): 44}
{(1, 1): 135, (1, 2): 77, (2, 1): 125, (2, 2): 93, (3, 1): 36, (3, 2): 17, (4, 1): 174, (4, 2): 143}
{(1, 1): 202, (1, 2): 10, (2, 1): 214, (2, 2): 4, (3, 1): 49, (3, 2): 4, (4, 1): 309, (4, 2): 8}
{(0, 0): 7, (0, 1): 14, (0, 2): 195, (0, 3): 17, (0, 4): 106, (1, 0): 13, (1, 1): 18, (1, 2): 165, (1, 3): 32, (1, 4): 95, (2, 0): 3, (2, 1): 3, (2, 2): 41, (2, 3): 13, (2, 4): 21, (3, 0): 5, (3, 1): 5, (3, 2): 22, (3, 3): 4, (3, 4): 9, (4, 0): 0, (4, 1): 1, (4, 2): 6, (4, 3): 4, (4, 4): 1}
{(0, 0): 99, (0, 1): 15, (0, 2): 56, (0, 3): 109, (0, 4): 8, (0, 5): 11, (0, 6): 19, (0, 7): 0, (0, 8): 8, (0, 9): 14, (0, 10): 0, (1, 0): 66, (1, 1): 43, (1, 2): 71, (1, 3): 87, (1, 4): 1, (1, 5): 3, (1, 6): 8, (1, 7): 0, (1, 8): 0, (1, 9): 40, (1, 10): 4, (2, 0): 10, (2, 1): 14, (2, 2): 15, (2, 3): 19, (2, 4): 1, (2, 5): 2, (2, 6): 10, (2, 7): 0, (2, 8): 0, (2, 9): 10, (2, 10): 0, (3, 0): 8, (3, 1): 5, (3, 2): 2, (3, 3): 12, (3, 4): 1, (3, 5): 0, (3, 6): 3, (3, 7): 0, (3, 8): 0, (3, 9): 11, (3, 10): 3, (4, 0): 4, (4, 1): 0, (4, 2): 0, (4, 3): 4, (4, 4): 0, (4, 5): 0, (4, 6): 1, (4, 7): 0, (4, 8): 0, (4, 9): 2, (4, 10): 1}
{(0, 0): 315, (0, 1): 19, (0, 2): 3, (0, 3): 1, (0, 4): 1, (1, 0): 228, (1, 1): 76, (1, 2): 14, (1, 3): 5, (1, 4): 0, (2, 0): 25, (2, 1): 32, (2, 2): 19, (2, 3): 5, (2, 4): 0, (3, 0): 7, (3, 1): 21, (3, 2): 11, (3, 3): 3, (3, 4): 3, (4, 0): 0, (4, 1): 5, (4, 2): 4, (4, 3): 1, (4, 4): 2}
{(0, 1): 204, (0, 2): 33, (0, 3): 27, (0, 4): 17, (0, 5): 58, (1, 1): 184, (1, 2): 40, (1, 3): 18, (1, 4): 23, (1, 5): 58, (2, 1): 51, (2, 2): 7, (2, 3): 5, (2, 4): 1, (2, 5): 17, (3, 1): 27, (3, 2): 5, (3, 3): 3, (3, 4): 1, (3, 5): 9, (4, 1): 5, (4, 2): 3, (4, 3): 0, (4, 4): 0, (4, 5): 4}
{(0, 1): 21, (0, 2): 58, (0, 3): 123, (0, 4): 49, (0, 5): 88, (1, 1): 22, (1, 2): 63, (1, 3): 98, (1, 4): 58, (1, 5): 82, (2, 1): 4, (2, 2): 10, (2, 3): 29, (2, 4): 18, (2, 5): 20, (3, 1): 5, (3, 2): 5, (3, 3): 15, (3, 4): 14, (3, 5): 6, (4, 1): 0, (4, 2): 1, (4, 3): 5, (4, 4): 1, (4, 5): 5}
{(0, 1): 64, (0, 2): 75, (0, 3): 48, (0, 4): 152, (1, 1): 31, (1, 2): 67, (1, 3): 57, (1, 4): 168, (2, 1): 7, (2, 2): 23, (2, 3): 10, (2, 4): 41, (3, 1): 8, (3, 2): 8, (3, 3): 9, (3, 4): 20, (4, 1): 1, (4, 2): 5, (4, 3): 2, (4, 4): 4}
{(0, 0): 225, (0, 1): 114, (1, 0): 221, (1, 1): 102, (2, 0): 65, (2, 1): 16, (3, 0): 33, (3, 1): 12, (4, 0): 10, (4, 1): 2}
{(0, 1): 308, (0, 2): 11, (0, 3): 20, (1, 1): 297, (1, 2): 13, (1, 3): 13, (2, 1): 74, (2, 2): 3, (2, 3): 4, (3, 1): 40, (3, 2): 2, (3, 3): 3, (4, 1): 11, (4, 2): 1, (4, 3): 0}
{(0, 1): 50, (0, 2): 103, (0, 3): 60, (0, 4): 126, (1, 1): 40, (1, 2): 101, (1, 3): 49, (1, 4): 133, (2, 1): 11, (2, 2): 29, (2, 3): 7, (2, 4): 34, (3, 1): 9, (3, 2): 13, (3, 3): 5, (3, 4): 18, (4, 1): 1, (4, 2): 3, (4, 3): 0, (4, 4): 8}
{(0, 1): 135, (0, 2): 85, (0, 3): 86, (0, 4): 33, (1, 1): 67, (1, 2): 82, (1, 3): 128, (1, 4): 46, (2, 1): 10, (2, 2): 16, (2, 3): 33, (2, 4): 22, (3, 1): 7, (3, 2): 6, (3, 3): 14, (3, 4): 18, (4, 1): 1, (4, 2): 2, (4, 3): 2, (4, 4): 7}
{(0, 0): 1, (0, 1): 121, (0, 2): 101, (0, 3): 61, (0, 4): 55, (1, 0): 0, (1, 1): 129, (1, 2): 112, (1, 3): 51, (1, 4): 31, (2, 0): 0, (2, 1): 26, (2, 2): 36, (2, 3): 12, (2, 4): 7, (3, 0): 0, (3, 1): 14, (3, 2): 17, (3, 3): 7, (3, 4): 7, (4, 0): 0, (4, 1): 5, (4, 2): 2, (4, 3): 2, (4, 4): 3}
{(0, 1): 39, (0, 2): 7, (0, 3): 293, (1, 1): 49, (1, 2): 21, (1, 3): 253, (2, 1): 9, (2, 2): 5, (2, 3): 67, (3, 1): 8, (3, 2): 3, (3, 3): 34, (4, 1): 2, (4, 2): 0, (4, 3): 10}
{(0, 1): 61, (0, 2): 254, (0, 3): 24, (1, 1): 59, (1, 2): 233, (1, 3): 31, (2, 1): 9, (2, 2): 57, (2, 3): 15, (3, 1): 6, (3, 2): 24, (3, 3): 15, (4, 1): 1, (4, 2): 6, (4, 3): 5}
{(0, 1): 224, (0, 2): 98, (0, 3): 15, (0, 4): 2, (1, 1): 191, (1, 2): 123, (1, 3): 8, (1, 4): 1, (2, 1): 49, (2, 2): 31, (2, 3): 0, (2, 4): 1, (3, 1): 35, (3, 2): 10, (3, 3): 0, (3, 4): 0, (4, 1): 9, (4, 2): 3, (4, 3): 0, (4, 4): 0}
{(0, 1): 11, (0, 2): 91, (0, 3): 201, (0, 4): 36, (1, 1): 7, (1, 2): 49, (1, 3): 212, (1, 4): 55, (2, 1): 2, (2, 2): 4, (2, 3): 53, (2, 4): 22, (3, 1): 1, (3, 2): 3, (3, 3): 33, (3, 4): 8, (4, 1): 0, (4, 2): 1, (4, 3): 6, (4, 4): 5}
{(0, 1): 281, (0, 2): 58, (1, 1): 280, (1, 2): 43, (2, 1): 72, (2, 2): 9, (3, 1): 40, (3, 2): 5, (4, 1): 11, (4, 2): 1}
{(0, 1): 232, (0, 2): 107, (1, 1): 177, (1, 2): 146, (2, 1): 33, (2, 2): 48, (3, 1): 22, (3, 2): 23, (4, 1): 6, (4, 2): 6}
{(0, 1): 319, (0, 2): 20, (1, 1): 318, (1, 2): 5, (2, 1): 81, (2, 2): 0, (3, 1): 44, (3, 2): 1, (4, 1): 12, (4, 2): 0}
{(0, 0): 5, (0, 1): 1, (0, 2): 5, (0, 3): 3, (0, 4): 0, (0, 5): 1, (0, 6): 0, (0, 7): 0, (0, 8): 1, (0, 9): 11, (0, 10): 1, (1, 0): 10, (1, 1): 3, (1, 2): 7, (1, 3): 8, (1, 4): 1, (1, 5): 0, (1, 6): 2, (1, 7): 0, (1, 8): 2, (1, 9): 6, (1, 10): 2, (2, 0): 100, (2, 1): 38, (2, 2): 83, (2, 3): 138, (2, 4): 9, (2, 5): 7, (2, 6): 19, (2, 7): 0, (2, 8): 4, (2, 9): 29, (2, 10): 2, (3, 0): 12, (3, 1): 6, (3, 2): 8, (3, 3): 17, (3, 4): 0, (3, 5): 2, (3, 6): 4, (3, 7): 0, (3, 8): 0, (3, 9): 19, (3, 10): 2, (4, 0): 60, (4, 1): 29, (4, 2): 41, (4, 3): 65, (4, 4): 1, (4, 5): 6, (4, 6): 16, (4, 7): 0, (4, 8): 1, (4, 9): 12, (4, 10): 1}
{(0, 0): 10, (0, 1): 12, (0, 2): 3, (0, 3): 1, (0, 4): 2, (1, 0): 30, (1, 1): 6, (1, 2): 3, (1, 3): 1, (1, 4): 1, (2, 0): 328, (2, 1): 67, (2, 2): 24, (2, 3): 8, (2, 4): 2, (3, 0): 37, (3, 1): 19, (3, 2): 11, (3, 3): 2, (3, 4): 1, (4, 0): 170, (4, 1): 49, (4, 2): 10, (4, 3): 3, (4, 4): 0}
{(0, 1): 22, (0, 2): 3, (0, 3): 1, (0, 4): 0, (0, 5): 2, (1, 1): 21, (1, 2): 7, (1, 3): 5, (1, 4): 2, (1, 5): 6, (2, 1): 249, (2, 2): 48, (2, 3): 29, (2, 4): 20, (2, 5): 83, (3, 1): 38, (3, 2): 13, (3, 3): 4, (3, 4): 3, (3, 5): 12, (4, 1): 141, (4, 2): 17, (4, 3): 14, (4, 4): 17, (4, 5): 43}
{(0, 1): 0, (0, 2): 8, (0, 3): 12, (0, 4): 2, (0, 5): 6, (1, 1): 4, (1, 2): 8, (1, 3): 10, (1, 4): 9, (1, 5): 10, (2, 1): 23, (2, 2): 89, (2, 3): 162, (2, 4): 70, (2, 5): 85, (3, 1): 6, (3, 2): 10, (3, 3): 26, (3, 4): 13, (3, 5): 15, (4, 1): 19, (4, 2): 22, (4, 3): 60, (4, 4): 46, (4, 5): 85}
{(0, 1): 5, (0, 2): 10, (0, 3): 6, (0, 4): 7, (1, 1): 5, (1, 2): 7, (1, 3): 6, (1, 4): 23, (2, 1): 63, (2, 2): 95, (2, 3): 71, (2, 4): 200, (3, 1): 9, (3, 2): 17, (3, 3): 10, (3, 4): 34, (4, 1): 29, (4, 2): 49, (4, 3): 33, (4, 4): 121}
{(0, 0): 18, (0, 1): 10, (1, 0): 27, (1, 1): 14, (2, 0): 282, (2, 1): 147, (3, 0): 59, (3, 1): 11, (4, 0): 168, (4, 1): 64}
{(0, 1): 27, (0, 2): 0, (0, 3): 1, (1, 1): 35, (1, 2): 3, (1, 3): 3, (2, 1): 385, (2, 2): 18, (2, 3): 26, (3, 1): 69, (3, 2): 1, (3, 3): 0, (4, 1): 214, (4, 2): 8, (4, 3): 10}
{(0, 1): 6, (0, 2): 7, (0, 3): 4, (0, 4): 11, (1, 1): 6, (1, 2): 8, (1, 3): 6, (1, 4): 21, (2, 1): 70, (2, 2): 139, (2, 3): 61, (2, 4): 159, (3, 1): 7, (3, 2): 29, (3, 3): 12, (3, 4): 22, (4, 1): 22, (4, 2): 66, (4, 3): 38, (4, 4): 106}
{(0, 1): 5, (0, 2): 7, (0, 3): 11, (0, 4): 5, (1, 1): 8, (1, 2): 6, (1, 3): 12, (1, 4): 15, (2, 1): 125, (2, 2): 106, (2, 3): 141, (2, 4): 57, (3, 1): 14, (3, 2): 15, (3, 3): 26, (3, 4): 15, (4, 1): 68, (4, 2): 57, (4, 3): 73, (4, 4): 34}
{(0, 0): 0, (0, 1): 11, (0, 2): 12, (0, 3): 2, (0, 4): 3, (1, 0): 0, (1, 1): 11, (1, 2): 17, (1, 3): 8, (1, 4): 5, (2, 0): 1, (2, 1): 193, (2, 2): 130, (2, 3): 60, (2, 4): 45, (3, 0): 0, (3, 1): 23, (3, 2): 25, (3, 3): 13, (3, 4): 9, (4, 0): 0, (4, 1): 57, (4, 2): 84, (4, 3): 50, (4, 4): 41}
{(0, 1): 6, (0, 2): 1, (0, 3): 21, (1, 1): 19, (1, 2): 6, (1, 3): 16, (2, 1): 49, (2, 2): 15, (2, 3): 365, (3, 1): 9, (3, 2): 8, (3, 3): 53, (4, 1): 24, (4, 2): 6, (4, 3): 202}
{(0, 1): 7, (0, 2): 18, (0, 3): 3, (1, 1): 7, (1, 2): 24, (1, 3): 10, (2, 1): 86, (2, 2): 302, (2, 3): 41, (3, 1): 8, (3, 2): 50, (3, 3): 12, (4, 1): 28, (4, 2): 180, (4, 3): 24}
{(0, 1): 8, (0, 2): 18, (0, 3): 2, (0, 4): 0, (1, 1): 33, (1, 2): 8, (1, 3): 0, (1, 4): 0, (2, 1): 387, (2, 2): 40, (2, 3): 2, (2, 4): 0, (3, 1): 27, (3, 2): 42, (3, 3): 0, (3, 4): 1, (4, 1): 53, (4, 2): 157, (4, 3): 19, (4, 4): 3}
{(0, 1): 1, (0, 2): 3, (0, 3): 20, (0, 4): 4, (1, 1): 3, (1, 2): 11, (1, 3): 19, (1, 4): 8, (2, 1): 9, (2, 2): 84, (2, 3): 269, (2, 4): 67, (3, 1): 0, (3, 2): 10, (3, 3): 44, (3, 4): 16, (4, 1): 8, (4, 2): 40, (4, 3): 153, (4, 4): 31}
{(0, 1): 24, (0, 2): 4, (1, 1): 30, (1, 2): 11, (2, 1): 372, (2, 2): 57, (3, 1): 60, (3, 2): 10, (4, 1): 198, (4, 2): 34}
{(0, 1): 15, (0, 2): 13, (1, 1): 25, (1, 2): 16, (2, 1): 267, (2, 2): 162, (3, 1): 37, (3, 2): 33, (4, 1): 126, (4, 2): 106}
{(0, 1): 27, (0, 2): 1, (1, 1): 41, (1, 2): 0, (2, 1): 413, (2, 2): 16, (3, 1): 70, (3, 2): 0, (4, 1): 223, (4, 2): 9}
{(0, 0): 143, (0, 1): 25, (0, 2): 12, (0, 3): 6, (0, 4): 1, (1, 0): 27, (1, 1): 31, (1, 2): 16, (1, 3): 3, (1, 4): 0, (2, 0): 108, (2, 1): 28, (2, 2): 7, (2, 3): 1, (2, 4): 0, (3, 0): 195, (3, 1): 30, (3, 2): 4, (3, 3): 1, (3, 4): 1, (4, 0): 10, (4, 1): 1, (4, 2): 0, (4, 3): 0, (4, 4): 0, (5, 0): 15, (5, 1): 1, (5, 2): 0, (5, 3): 0, (5, 4): 0, (6, 0): 27, (6, 1): 8, (6, 2): 4, (6, 3): 2, (6, 4): 0, (7, 0): 0, (7, 1): 0, (7, 2): 0, (7, 3): 0, (7, 4): 0, (8, 0): 8, (8, 1): 0, (8, 2): 0, (8, 3): 0, (8, 4): 0, (9, 0): 40, (9, 1): 27, (9, 2): 7, (9, 3): 1, (9, 4): 2, (10, 0): 2, (10, 1): 2, (10, 2): 1, (10, 3): 1, (10, 4): 2}
{(0, 1): 103, (0, 2): 27, (0, 3): 11, (0, 4): 8, (0, 5): 38, (1, 1): 39, (1, 2): 6, (1, 3): 4, (1, 4): 7, (1, 5): 21, (2, 1): 102, (2, 2): 7, (2, 3): 11, (2, 4): 9, (2, 5): 15, (3, 1): 134, (3, 2): 24, (3, 3): 20, (3, 4): 9, (3, 5): 44, (4, 1): 6, (4, 2): 1, (4, 3): 1, (4, 4): 0, (4, 5): 3, (5, 1): 9, (5, 2): 3, (5, 3): 1, (5, 4): 2, (5, 5): 1, (6, 1): 25, (6, 2): 4, (6, 3): 1, (6, 4): 1, (6, 5): 10, (7, 1): 0, (7, 2): 0, (7, 3): 0, (7, 4): 0, (7, 5): 0, (8, 1): 3, (8, 2): 0, (8, 3): 1, (8, 4): 0, (8, 5): 4, (9, 1): 46, (9, 2): 14, (9, 3): 3, (9, 4): 6, (9, 5): 8, (10, 1): 4, (10, 2): 2, (10, 3): 0, (10, 4): 0, (10, 5): 2}
{(0, 1): 17, (0, 2): 37, (0, 3): 54, (0, 4): 33, (0, 5): 46, (1, 1): 8, (1, 2): 9, (1, 3): 19, (1, 4): 17, (1, 5): 24, (2, 1): 9, (2, 2): 32, (2, 3): 52, (2, 4): 21, (2, 5): 30, (3, 1): 7, (3, 2): 36, (3, 3): 83, (3, 4): 41, (3, 5): 64, (4, 1): 1, (4, 2): 4, (4, 3): 5, (4, 4): 1, (4, 5): 0, (5, 1): 2, (5, 2): 2, (5, 3): 5, (5, 4): 3, (5, 5): 4, (6, 1): 1, (6, 2): 4, (6, 3): 18, (6, 4): 6, (6, 5): 12, (7, 1): 0, (7, 2): 0, (7, 3): 0, (7, 4): 0, (7, 5): 0, (8, 1): 1, (8, 2): 0, (8, 3): 2, (8, 4): 3, (8, 5): 2, (9, 1): 3, (9, 2): 13, (9, 3): 29, (9, 4): 15, (9, 5): 17, (10, 1): 3, (10, 2): 0, (10, 3): 3, (10, 4): 0, (10, 5): 2}
{(0, 1): 38, (0, 2): 38, (0, 3): 22, (0, 4): 89, (1, 1): 14, (1, 2): 22, (1, 3): 19, (1, 4): 22, (2, 1): 20, (2, 2): 40, (2, 3): 22, (2, 4): 62, (3, 1): 21, (3, 2): 42, (3, 3): 33, (3, 4): 135, (4, 1): 2, (4, 2): 1, (4, 3): 2, (4, 4): 6, (5, 1): 0, (5, 2): 2, (5, 3): 5, (5, 4): 9, (6, 1): 5, (6, 2): 8, (6, 3): 4, (6, 4): 24, (7, 1): 0, (7, 2): 0, (7, 3): 0, (7, 4): 0, (8, 1): 1, (8, 2): 1, (8, 3): 0, (8, 4): 6, (9, 1): 9, (9, 2): 21, (9, 3): 17, (9, 4): 30, (10, 1): 1, (10, 2): 3, (10, 3): 2, (10, 4): 2}
{(0, 0): 130, (0, 1): 57, (1, 0): 59, (1, 1): 18, (2, 0): 91, (2, 1): 53, (3, 0): 160, (3, 1): 71, (4, 0): 5, (4, 1): 6, (5, 0): 13, (5, 1): 3, (6, 0): 24, (6, 1): 17, (7, 0): 0, (7, 1): 0, (8, 0): 5, (8, 1): 3, (9, 0): 61, (9, 1): 16, (10, 0): 6, (10, 1): 2}
{(0, 1): 173, (0, 2): 6, (0, 3): 8, (1, 1): 74, (1, 2): 1, (1, 3): 2, (2, 1): 129, (2, 2): 9, (2, 3): 6, (3, 1): 201, (3, 2): 9, (3, 3): 21, (4, 1): 11, (4, 2): 0, (4, 3): 0, (5, 1): 13, (5, 2): 1, (5, 3): 2, (6, 1): 41, (6, 2): 0, (6, 3): 0, (7, 1): 0, (7, 2): 0, (7, 3): 0, (8, 1): 8, (8, 2): 0, (8, 3): 0, (9, 1): 74, (9, 2): 2, (9, 3): 1, (10, 1): 6, (10, 2): 2, (10, 3): 0}
{(0, 1): 22, (0, 2): 54, (0, 3): 37, (0, 4): 74, (1, 1): 5, (1, 2): 20, (1, 3): 7, (1, 4): 45, (2, 1): 22, (2, 2): 45, (2, 3): 17, (2, 4): 60, (3, 1): 38, (3, 2): 79, (3, 3): 35, (3, 4): 79, (4, 1): 2, (4, 2): 3, (4, 3): 3, (4, 4): 3, (5, 1): 2, (5, 2): 4, (5, 3): 2, (5, 4): 8, (6, 1): 4, (6, 2): 9, (6, 3): 7, (6, 4): 21, (7, 1): 0, (7, 2): 0, (7, 3): 0, (7, 4): 0, (8, 1): 1, (8, 2): 1, (8, 3): 3, (8, 4): 3, (9, 1): 15, (9, 2): 32, (9, 3): 7, (9, 4): 23, (10, 1): 0, (10, 2): 2, (10, 3): 3, (10, 4): 3}
{(0, 1): 57, (0, 2): 42, (0, 3): 56, (0, 4): 32, (1, 1): 5, (1, 2): 14, (1, 3): 35, (1, 4): 23, (2, 1): 34, (2, 2): 59, (2, 3): 37, (2, 4): 14, (3, 1): 86, (3, 2): 40, (3, 3): 84, (3, 4): 21, (4, 1): 5, (4, 2): 2, (4, 3): 3, (4, 4): 1, (5, 1): 7, (5, 2): 2, (5, 3): 3, (5, 4): 4, (6, 1): 2, (6, 2): 7, (6, 3): 13, (6, 4): 19, (7, 1): 0, (7, 2): 0, (7, 3): 0, (7, 4): 0, (8, 1): 2, (8, 2): 5, (8, 3): 1, (8, 4): 0, (9, 1): 22, (9, 2): 19, (9, 3): 28, (9, 4): 8, (10, 1): 0, (10, 2): 1, (10, 3): 3, (10, 4): 4}
{(0, 0): 0, (0, 1): 57, (0, 2): 67, (0, 3): 37, (0, 4): 26, (1, 0): 0, (1, 1): 24, (1, 2): 26, (1, 3): 16, (1, 4): 11, (2, 0): 1, (2, 1): 63, (2, 2): 46, (2, 3): 22, (2, 4): 12, (3, 0): 0, (3, 1): 97, (3, 2): 72, (3, 3): 34, (3, 4): 28, (4, 0): 0, (4, 1): 7, (4, 2): 1, (4, 3): 1, (4, 4): 2, (5, 0): 0, (5, 1): 6, (5, 2): 4, (5, 3): 2, (5, 4): 4, (6, 0): 0, (6, 1): 8, (6, 2): 13, (6, 3): 8, (6, 4): 12, (7, 0): 0, (7, 1): 0, (7, 2): 0, (7, 3): 0, (7, 4): 0, (8, 0): 0, (8, 1): 1, (8, 2): 5, (8, 3): 2, (8, 4): 0, (9, 0): 0, (9, 1): 29, (9, 2): 32, (9, 3): 9, (9, 4): 7, (10, 0): 0, (10, 1): 3, (10, 2): 2, (10, 3): 2, (10, 4): 1}
{(0, 1): 27, (0, 2): 4, (0, 3): 156, (1, 1): 8, (1, 2): 3, (1, 3): 66, (2, 1): 16, (2, 2): 10, (2, 3): 118, (3, 1): 27, (3, 2): 7, (3, 3): 197, (4, 1): 1, (4, 2): 0, (4, 3): 10, (5, 1): 0, (5, 2): 1, (5, 3): 15, (6, 1): 6, (6, 2): 2, (6, 3): 33, (7, 1): 0, (7, 2): 0, (7, 3): 0, (8, 1): 1, (8, 2): 0, (8, 3): 7, (9, 1): 15, (9, 2): 8, (9, 3): 54, (10, 1): 6, (10, 2): 1, (10, 3): 1}
{(0, 1): 29, (0, 2): 132, (0, 3): 26, (1, 1): 17, (1, 2): 41, (1, 3): 19, (2, 1): 32, (2, 2): 104, (2, 3): 8, (3, 1): 33, (3, 2): 185, (3, 3): 13, (4, 1): 2, (4, 2): 9, (4, 3): 0, (5, 1): 2, (5, 2): 11, (5, 3): 3, (6, 1): 7, (6, 2): 20, (6, 3): 14, (7, 1): 0, (7, 2): 0, (7, 3): 0, (8, 1): 1, (8, 2): 7, (8, 3): 0, (9, 1): 13, (9, 2): 60, (9, 3): 4, (10, 1): 0, (10, 2): 5, (10, 3): 3}
{(0, 1): 114, (0, 2): 64, (0, 3): 8, (0, 4): 1, (1, 1): 44, (1, 2): 32, (1, 3): 1, (1, 4): 0, (2, 1): 104, (2, 2): 36, (2, 3): 4, (2, 4): 0, (3, 1): 152, (3, 2): 73, (3, 3): 4, (3, 4): 2, (4, 1): 11, (4, 2): 0, (4, 3): 0, (4, 4): 0, (5, 1): 6, (5, 2): 9, (5, 3): 1, (5, 4): 0, (6, 1): 28, (6, 2): 12, (6, 3): 1, (6, 4): 0, (7, 1): 0, (7, 2): 0, (7, 3): 0, (7, 4): 0, (8, 1): 6, (8, 2): 2, (8, 3): 0, (8, 4): 0, (9, 1): 39, (9, 2): 33, (9, 3): 4, (9, 4): 1, (10, 1): 4, (10, 2): 4, (10, 3): 0, (10, 4): 0}
{(0, 1): 11, (0, 2): 44, (0, 3): 102, (0, 4): 30, (1, 1): 0, (1, 2): 4, (1, 3): 44, (1, 4): 29, (2, 1): 1, (2, 2): 25, (2, 3): 99, (2, 4): 19, (3, 1): 2, (3, 2): 42, (3, 3): 164, (3, 4): 23, (4, 1): 1, (4, 2): 1, (4, 3): 9, (4, 4): 0, (5, 1): 2, (5, 2): 5, (5, 3): 9, (5, 4): 0, (6, 1): 1, (6, 2): 8, (6, 3): 25, (6, 4): 7, (7, 1): 0, (7, 2): 0, (7, 3): 0, (7, 4): 0, (8, 1): 0, (8, 2): 4, (8, 3): 3, (8, 4): 1, (9, 1): 2, (9, 2): 15, (9, 3): 49, (9, 4): 11, (10, 1): 1, (10, 2): 0, (10, 3): 1, (10, 4): 6}
{(0, 1): 147, (0, 2): 40, (1, 1): 63, (1, 2): 14, (2, 1): 129, (2, 2): 15, (3, 1): 206, (3, 2): 25, (4, 1): 11, (4, 2): 0, (5, 1): 13, (5, 2): 3, (6, 1): 34, (6, 2): 7, (7, 1): 0, (7, 2): 0, (8, 1): 6, (8, 2): 2, (9, 1): 67, (9, 2): 10, (10, 1): 8, (10, 2): 0}
{(0, 1): 116, (0, 2): 71, (1, 1): 28, (1, 2): 49, (2, 1): 91, (2, 2): 53, (3, 1): 148, (3, 2): 83, (4, 1): 8, (4, 2): 3, (5, 1): 15, (5, 2): 1, (6, 1): 22, (6, 2): 19, (7, 1): 0, (7, 2): 0, (8, 1): 5, (8, 2): 3, (9, 1): 37, (9, 2): 40, (10, 1): 0, (10, 2): 8}
{(0, 1): 173, (0, 2): 14, (1, 1): 76, (1, 2): 1, (2, 1): 139, (2, 2): 5, (3, 1): 227, (3, 2): 4, (4, 1): 11, (4, 2): 0, (5, 1): 15, (5, 2): 1, (6, 1): 41, (6, 2): 0, (7, 1): 0, (7, 2): 0, (8, 1): 8, (8, 2): 0, (9, 1): 77, (9, 2): 0, (10, 1): 7, (10, 2): 1}
{(0, 1): 339, (0, 2): 63, (0, 3): 46, (0, 4): 35, (0, 5): 92, (1, 1): 98, (1, 2): 18, (1, 3): 3, (1, 4): 4, (1, 5): 30, (2, 1): 23, (2, 2): 4, (2, 3): 3, (2, 4): 3, (2, 5): 18, (3, 1): 6, (3, 2): 2, (3, 3): 1, (3, 4): 0, (3, 5): 6, (4, 1): 5, (4, 2): 1, (4, 3): 0, (4, 4): 0, (4, 5): 0}
{(0, 1): 30, (0, 2): 103, (0, 3): 197, (0, 4): 96, (0, 5): 149, (1, 1): 15, (1, 2): 21, (1, 3): 57, (1, 4): 27, (1, 5): 33, (2, 1): 4, (2, 2): 12, (2, 3): 9, (2, 4): 13, (2, 5): 13, (3, 1): 3, (3, 2): 0, (3, 3): 5, (3, 4): 3, (3, 5): 4, (4, 1): 0, (4, 2): 1, (4, 3): 2, (4, 4): 1, (4, 5): 2}
{(0, 1): 64, (0, 2): 108, (0, 3): 85, (0, 4): 318, (1, 1): 26, (1, 2): 45, (1, 3): 31, (1, 4): 51, (2, 1): 15, (2, 2): 19, (2, 3): 7, (2, 4): 10, (3, 1): 4, (3, 2): 4, (3, 3): 1, (3, 4): 6, (4, 1): 2, (4, 2): 2, (4, 3): 2, (4, 4): 0}
{(0, 0): 386, (0, 1): 189, (1, 0): 116, (1, 1): 37, (2, 0): 36, (2, 1): 15, (3, 0): 12, (3, 1): 3, (4, 0): 4, (4, 1): 2}
{(0, 1): 521, (0, 2): 22, (0, 3): 32, (1, 1): 144, (1, 2): 4, (1, 3): 5, (2, 1): 46, (2, 2): 2, (2, 3): 3, (3, 1): 13, (3, 2): 2, (3, 3): 0, (4, 1): 6, (4, 2): 0, (4, 3): 0}
{(0, 1): 85, (0, 2): 174, (0, 3): 96, (0, 4): 220, (1, 1): 17, (1, 2): 51, (1, 3): 19, (1, 4): 66, (2, 1): 8, (2, 2): 18, (2, 3): 4, (2, 4): 21, (3, 1): 1, (3, 2): 4, (3, 3): 2, (3, 4): 8, (4, 1): 0, (4, 2): 2, (4, 3): 0, (4, 4): 4}
{(0, 1): 192, (0, 2): 139, (0, 3): 181, (0, 4): 63, (1, 1): 23, (1, 2): 40, (1, 3): 56, (1, 4): 34, (2, 1): 5, (2, 2): 9, (2, 3): 20, (2, 4): 17, (3, 1): 0, (3, 2): 2, (3, 3): 4, (3, 4): 9, (4, 1): 0, (4, 2): 1, (4, 3): 2, (4, 4): 3}
{(0, 0): 1, (0, 1): 216, (0, 2): 191, (0, 3): 91, (0, 4): 76, (1, 0): 0, (1, 1): 53, (1, 2): 55, (1, 3): 28, (1, 4): 17, (2, 0): 0, (2, 1): 20, (2, 2): 14, (2, 3): 12, (2, 4): 5, (3, 0): 0, (3, 1): 4, (3, 2): 7, (3, 3): 2, (3, 4): 2, (4, 0): 0, (4, 1): 2, (4, 2): 1, (4, 3): 0, (4, 4): 3}
{(0, 1): 74, (0, 2): 23, (0, 3): 478, (1, 1): 20, (1, 2): 10, (1, 3): 123, (2, 1): 8, (2, 2): 3, (2, 3): 40, (3, 1): 2, (3, 2): 0, (3, 3): 13, (4, 1): 3, (4, 2): 0, (4, 3): 3}
{(0, 1): 102, (0, 2): 429, (0, 3): 44, (1, 1): 23, (1, 2): 108, (1, 3): 22, (2, 1): 8, (2, 2): 28, (2, 3): 15, (3, 1): 2, (3, 2): 5, (3, 3): 8, (4, 1): 1, (4, 2): 4, (4, 3): 1}
{(0, 1): 377, (0, 2): 177, (0, 3): 18, (0, 4): 3, (1, 1): 86, (1, 2): 64, (1, 3): 3, (1, 4): 0, (2, 1): 29, (2, 2): 19, (2, 3): 2, (2, 4): 1, (3, 1): 12, (3, 2): 3, (3, 3): 0, (3, 4): 0, (4, 1): 4, (4, 2): 2, (4, 3): 0, (4, 4): 0}
{(0, 1): 17, (0, 2): 123, (0, 3): 376, (0, 4): 59, (1, 1): 2, (1, 2): 22, (1, 3): 93, (1, 4): 36, (2, 1): 1, (2, 2): 3, (2, 3): 29, (2, 4): 18, (3, 1): 1, (3, 2): 0, (3, 3): 4, (3, 4): 10, (4, 1): 0, (4, 2): 0, (4, 3): 3, (4, 4): 3}
{(0, 1): 490, (0, 2): 85, (1, 1): 129, (1, 2): 24, (2, 1): 45, (2, 2): 6, (3, 1): 14, (3, 2): 1, (4, 1): 6, (4, 2): 0}
{(0, 1): 375, (0, 2): 200, (1, 1): 73, (1, 2): 80, (2, 1): 21, (2, 2): 30, (3, 1): 1, (3, 2): 14, (4, 1): 0, (4, 2): 6}
{(0, 1): 552, (0, 2): 23, (1, 1): 153, (1, 2): 0, (2, 1): 49, (2, 2): 2, (3, 1): 15, (3, 2): 0, (4, 1): 5, (4, 2): 1}
{(1, 1): 35, (1, 2): 93, (1, 3): 164, (1, 4): 79, (1, 5): 100, (2, 1): 5, (2, 2): 15, (2, 3): 28, (2, 4): 20, (2, 5): 20, (3, 1): 2, (3, 2): 5, (3, 3): 21, (3, 4): 8, (3, 5): 17, (4, 1): 0, (4, 2): 5, (4, 3): 17, (4, 4): 7, (4, 5): 13, (5, 1): 10, (5, 2): 19, (5, 3): 40, (5, 4): 26, (5, 5): 51}
{(1, 1): 63, (1, 2): 111, (1, 3): 77, (1, 4): 220, (2, 1): 11, (2, 2): 19, (2, 3): 19, (2, 4): 39, (3, 1): 9, (3, 2): 10, (3, 3): 10, (3, 4): 24, (4, 1): 3, (4, 2): 9, (4, 3): 7, (4, 4): 23, (5, 1): 25, (5, 2): 29, (5, 3): 13, (5, 4): 79}
{(1, 0): 319, (1, 1): 152, (2, 0): 62, (2, 1): 26, (3, 0): 40, (3, 1): 13, (4, 0): 28, (4, 1): 14, (5, 0): 105, (5, 1): 41}
{(1, 1): 419, (1, 2): 19, (1, 3): 33, (2, 1): 80, (2, 2): 5, (2, 3): 3, (3, 1): 53, (3, 2): 0, (3, 3): 0, (4, 1): 41, (4, 2): 1, (4, 3): 0, (5, 1): 137, (5, 2): 5, (5, 3): 4}
{(1, 1): 80, (1, 2): 151, (1, 3): 68, (1, 4): 172, (2, 1): 10, (2, 2): 25, (2, 3): 18, (2, 4): 35, (3, 1): 5, (3, 2): 15, (3, 3): 9, (3, 4): 24, (4, 1): 3, (4, 2): 16, (4, 3): 9, (4, 4): 14, (5, 1): 13, (5, 2): 42, (5, 3): 17, (5, 4): 74}
{(1, 1): 141, (1, 2): 107, (1, 3): 151, (1, 4): 72, (2, 1): 15, (2, 2): 21, (2, 3): 36, (2, 4): 16, (3, 1): 15, (3, 2): 9, (3, 3): 23, (3, 4): 6, (4, 1): 17, (4, 2): 8, (4, 3): 12, (4, 4): 5, (5, 1): 32, (5, 2): 46, (5, 3): 41, (5, 4): 27}
{(1, 0): 1, (1, 1): 186, (1, 2): 155, (1, 3): 72, (1, 4): 57, (2, 0): 0, (2, 1): 36, (2, 2): 34, (2, 3): 11, (2, 4): 7, (3, 0): 0, (3, 1): 16, (3, 2): 19, (3, 3): 10, (3, 4): 8, (4, 0): 0, (4, 1): 13, (4, 2): 15, (4, 3): 5, (4, 4): 9, (5, 0): 0, (5, 1): 44, (5, 2): 45, (5, 3): 35, (5, 4): 22}
{(1, 1): 67, (1, 2): 21, (1, 3): 383, (2, 1): 12, (2, 2): 4, (2, 3): 72, (3, 1): 7, (3, 2): 3, (3, 3): 43, (4, 1): 4, (4, 2): 3, (4, 3): 35, (5, 1): 17, (5, 2): 5, (5, 3): 124}
{(1, 1): 80, (1, 2): 336, (1, 3): 55, (2, 1): 16, (2, 2): 63, (2, 3): 9, (3, 1): 10, (3, 2): 39, (3, 3): 4, (4, 1): 7, (4, 2): 33, (4, 3): 2, (5, 1): 23, (5, 2): 103, (5, 3): 20}
{(1, 1): 290, (1, 2): 162, (1, 3): 17, (1, 4): 2, (2, 1): 57, (2, 2): 29, (2, 3): 1, (2, 4): 1, (3, 1): 41, (3, 2): 10, (3, 3): 2, (3, 4): 0, (4, 1): 22, (4, 2): 19, (4, 3): 1, (4, 4): 0, (5, 1): 98, (5, 2): 45, (5, 3): 2, (5, 4): 1}
{(1, 1): 13, (1, 2): 93, (1, 3): 283, (1, 4): 82, (2, 1): 0, (2, 2): 19, (2, 3): 56, (2, 4): 13, (3, 1): 2, (3, 2): 8, (3, 3): 38, (3, 4): 5, (4, 1): 1, (4, 2): 5, (4, 3): 33, (4, 4): 3, (5, 1): 5, (5, 2): 23, (5, 3): 95, (5, 4): 23}
{(1, 1): 403, (1, 2): 68, (2, 1): 75, (2, 2): 13, (3, 1): 45, (3, 2): 8, (4, 1): 36, (4, 2): 6, (5, 1): 125, (5, 2): 21}
{(1, 1): 289, (1, 2): 182, (2, 1): 54, (2, 2): 34, (3, 1): 30, (3, 2): 23, (4, 1): 24, (4, 2): 18, (5, 1): 73, (5, 2): 73}
{(1, 1): 456, (1, 2): 15, (2, 1): 86, (2, 2): 2, (3, 1): 53, (3, 2): 0, (4, 1): 39, (4, 2): 3, (5, 1): 140, (5, 2): 6}
{(1, 1): 9, (1, 2): 11, (1, 3): 7, (1, 4): 25, (2, 1): 28, (2, 2): 26, (2, 3): 23, (2, 4): 60, (3, 1): 42, (3, 2): 69, (3, 3): 39, (3, 4): 120, (4, 1): 10, (4, 2): 40, (4, 3): 27, (4, 4): 63, (5, 1): 22, (5, 2): 32, (5, 3): 30, (5, 4): 117}
{(1, 0): 35, (1, 1): 17, (2, 0): 70, (2, 1): 67, (3, 0): 186, (3, 1): 84, (4, 0): 102, (4, 1): 38, (5, 0): 161, (5, 1): 40}
{(1, 1): 47, (1, 2): 5, (1, 3): 0, (2, 1): 127, (2, 2): 5, (2, 3): 5, (3, 1): 243, (3, 2): 10, (3, 3): 17, (4, 1): 125, (4, 2): 5, (4, 3): 10, (5, 1): 188, (5, 2): 5, (5, 3): 8}
{(1, 1): 4, (1, 2): 17, (1, 3): 7, (1, 4): 24, (2, 1): 46, (2, 2): 33, (2, 3): 22, (2, 4): 36, (3, 1): 29, (3, 2): 127, (3, 3): 34, (3, 4): 80, (4, 1): 24, (4, 2): 36, (4, 3): 37, (4, 4): 43, (5, 1): 8, (5, 2): 36, (5, 3): 21, (5, 4): 136}
{(1, 1): 7, (1, 2): 12, (1, 3): 15, (1, 4): 18, (2, 1): 40, (2, 2): 43, (2, 3): 39, (2, 4): 15, (3, 1): 99, (3, 2): 56, (3, 3): 88, (3, 4): 27, (4, 1): 30, (4, 2): 36, (4, 3): 61, (4, 4): 13, (5, 1): 44, (5, 2): 44, (5, 3): 60, (5, 4): 53}
{(1, 0): 0, (1, 1): 16, (1, 2): 18, (1, 3): 6, (1, 4): 12, (2, 0): 1, (2, 1): 78, (2, 2): 39, (2, 3): 14, (2, 4): 5, (3, 0): 0, (3, 1): 128, (3, 2): 87, (3, 3): 32, (3, 4): 23, (4, 0): 0, (4, 1): 57, (4, 2): 57, (4, 3): 17, (4, 4): 9, (5, 0): 0, (5, 1): 16, (5, 2): 67, (5, 3): 64, (5, 4): 54}
{(1, 1): 6, (1, 2): 4, (1, 3): 42, (2, 1): 22, (2, 2): 6, (2, 3): 109, (3, 1): 24, (3, 2): 15, (3, 3): 231, (4, 1): 18, (4, 2): 5, (4, 3): 117, (5, 1): 37, (5, 2): 6, (5, 3): 158}
{(1, 1): 6, (1, 2): 32, (1, 3): 14, (2, 1): 34, (2, 2): 98, (2, 3): 5, (3, 1): 45, (3, 2): 203, (3, 3): 22, (4, 1): 26, (4, 2): 105, (4, 3): 9, (5, 1): 25, (5, 2): 136, (5, 3): 40}
{(1, 1): 32, (1, 2): 14, (1, 3): 6, (1, 4): 0, (2, 1): 103, (2, 2): 33, (2, 3): 1, (2, 4): 0, (3, 1): 186, (3, 2): 79, (3, 3): 5, (3, 4): 0, (4, 1): 80, (4, 2): 56, (4, 3): 3, (4, 4): 1, (5, 1): 107, (5, 2): 83, (5, 3): 8, (5, 4): 3}
{(1, 1): 15, (1, 2): 1, (1, 3): 7, (1, 4): 29, (2, 1): 5, (2, 2): 36, (2, 3): 80, (2, 4): 16, (3, 1): 1, (3, 2): 57, (3, 3): 189, (3, 4): 23, (4, 1): 0, (4, 2): 24, (4, 3): 99, (4, 4): 17, (5, 1): 0, (5, 2): 30, (5, 3): 130, (5, 4): 41}
{(1, 1): 46, (1, 2): 6, (2, 1): 120, (2, 2): 17, (3, 1): 233, (3, 2): 37, (4, 1): 122, (4, 2): 18, (5, 1): 163, (5, 2): 38}
{(1, 1): 22, (1, 2): 30, (2, 1): 91, (2, 2): 46, (3, 1): 174, (3, 2): 96, (4, 1): 80, (4, 2): 60, (5, 1): 103, (5, 2): 98}
{(1, 1): 52, (1, 2): 0, (2, 1): 130, (2, 2): 7, (3, 1): 261, (3, 2): 9, (4, 1): 134, (4, 2): 6, (5, 1): 197, (5, 2): 4}
{(1, 0): 60, (1, 1): 51, (2, 0): 129, (2, 1): 49, (3, 0): 89, (3, 1): 37, (4, 0): 276, (4, 1): 109}
{(1, 1): 101, (1, 2): 5, (1, 3): 5, (2, 1): 161, (2, 2): 7, (2, 3): 10, (3, 1): 114, (3, 2): 4, (3, 3): 8, (4, 1): 354, (4, 2): 14, (4, 3): 17}
{(1, 1): 20, (1, 2): 38, (1, 3): 13, (1, 4): 40, (2, 1): 24, (2, 2): 53, (2, 3): 31, (2, 4): 70, (3, 1): 15, (3, 2): 45, (3, 3): 16, (3, 4): 50, (4, 1): 52, (4, 2): 113, (4, 3): 61, (4, 4): 159}
{(1, 1): 39, (1, 2): 27, (1, 3): 31, (1, 4): 14, (2, 1): 42, (2, 2): 46, (2, 3): 63, (2, 4): 27, (3, 1): 38, (3, 2): 24, (3, 3): 43, (3, 4): 21, (4, 1): 101, (4, 2): 94, (4, 3): 126, (4, 4): 64}
{(1, 0): 0, (1, 1): 43, (1, 2): 41, (1, 3): 17, (1, 4): 10, (2, 0): 1, (2, 1): 74, (2, 2): 54, (2, 3): 29, (2, 4): 20, (3, 0): 0, (3, 1): 48, (3, 2): 43, (3, 3): 20, (3, 4): 15, (4, 0): 0, (4, 1): 130, (4, 2): 130, (4, 3): 67, (4, 4): 58}
{(1, 1): 16, (1, 2): 3, (1, 3): 92, (2, 1): 29, (2, 2): 6, (2, 3): 143, (3, 1): 17, (3, 2): 2, (3, 3): 107, (4, 1): 45, (4, 2): 25, (4, 3): 315}
{(1, 1): 24, (1, 2): 78, (1, 3): 9, (2, 1): 37, (2, 2): 119, (2, 3): 22, (3, 1): 23, (3, 2): 91, (3, 3): 12, (4, 1): 52, (4, 2): 286, (4, 3): 47}
{(1, 1): 74, (1, 2): 32, (1, 3): 5, (1, 4): 0, (2, 1): 111, (2, 2): 58, (2, 3): 8, (2, 4): 1, (3, 1): 82, (3, 2): 42, (3, 3): 2, (3, 4): 0, (4, 1): 241, (4, 2): 133, (4, 3): 8, (4, 4): 3}
{(1, 1): 7, (1, 2): 27, (1, 3): 66, (1, 4): 11, (2, 1): 5, (2, 2): 34, (2, 3): 110, (2, 4): 29, (3, 1): 3, (3, 2): 20, (3, 3): 82, (3, 4): 21, (4, 1): 6, (4, 2): 67, (4, 3): 247, (4, 4): 65}
{(1, 1): 88, (1, 2): 23, (2, 1): 150, (2, 2): 28, (3, 1): 107, (3, 2): 19, (4, 1): 339, (4, 2): 46}
{(1, 1): 70, (1, 2): 41, (2, 1): 103, (2, 2): 75, (3, 1): 69, (3, 2): 57, (4, 1): 228, (4, 2): 157}
{(1, 1): 101, (1, 2): 10, (2, 1): 175, (2, 2): 3, (3, 1): 120, (3, 2): 6, (4, 1): 378, (4, 2): 7}
{(0, 1): 502, (0, 2): 21, (0, 3): 31, (1, 1): 228, (1, 2): 9, (1, 3): 9}
{(0, 1): 67, (0, 2): 184, (0, 3): 92, (0, 4): 211, (1, 1): 44, (1, 2): 65, (1, 3): 29, (1, 4): 108}
{(0, 1): 152, (0, 2): 128, (0, 3): 177, (0, 4): 97, (1, 1): 68, (1, 2): 63, (1, 3): 86, (1, 4): 29}
{(0, 0): 0, (0, 1): 166, (0, 2): 207, (0, 3): 107, (0, 4): 74, (1, 0): 1, (1, 1): 129, (1, 2): 61, (1, 3): 26, (1, 4): 29}
{(0, 1): 76, (0, 2): 28, (0, 3): 450, (1, 1): 31, (1, 2): 8, (1, 3): 207}
{(0, 1): 69, (0, 2): 412, (0, 3): 73, (1, 1): 67, (1, 2): 162, (1, 3): 17}
{(0, 1): 336, (0, 2): 196, (0, 3): 19, (0, 4): 3, (1, 1): 172, (1, 2): 69, (1, 3): 4, (1, 4): 1}
{(0, 1): 10, (0, 2): 101, (0, 3): 350, (0, 4): 93, (1, 1): 11, (1, 2): 47, (1, 3): 155, (1, 4): 33}
{(0, 1): 449, (0, 2): 105, (1, 1): 235, (1, 2): 11}
{(0, 1): 309, (0, 2): 245, (1, 1): 161, (1, 2): 85}
{(0, 1): 532, (0, 2): 22, (1, 1): 242, (1, 2): 4}
{(1, 1): 101, (1, 2): 225, (1, 3): 110, (1, 4): 294, (2, 1): 4, (2, 2): 11, (2, 3): 4, (2, 4): 11, (3, 1): 6, (3, 2): 13, (3, 3): 7, (3, 4): 14}
{(1, 1): 189, (1, 2): 171, (1, 3): 254, (1, 4): 116, (2, 1): 9, (2, 2): 6, (2, 3): 6, (2, 4): 9, (3, 1): 22, (3, 2): 14, (3, 3): 3, (3, 4): 1}
{(1, 0): 0, (1, 1): 266, (1, 2): 246, (1, 3): 120, (1, 4): 98, (2, 0): 1, (2, 1): 15, (2, 2): 8, (2, 3): 4, (2, 4): 2, (3, 0): 0, (3, 1): 14, (3, 2): 14, (3, 3): 9, (3, 4): 3}
{(1, 1): 91, (1, 2): 35, (1, 3): 604, (2, 1): 6, (2, 2): 1, (2, 3): 23, (3, 1): 10, (3, 2): 0, (3, 3): 30}
{(1, 1): 120, (1, 2): 524, (1, 3): 86, (2, 1): 8, (2, 2): 19, (2, 3): 3, (3, 1): 8, (3, 2): 31, (3, 3): 1}
{(1, 1): 464, (1, 2): 240, (1, 3): 22, (1, 4): 4, (2, 1): 19, (2, 2): 11, (2, 3): 0, (2, 4): 0, (3, 1): 25, (3, 2): 14, (3, 3): 1, (3, 4): 0}
{(1, 1): 19, (1, 2): 131, (1, 3): 460, (1, 4): 120, (2, 1): 2, (2, 2): 5, (2, 3): 17, (2, 4): 6, (3, 1): 0, (3, 2): 12, (3, 3): 28, (3, 4): 0}
{(1, 1): 625, (1, 2): 105, (2, 1): 27, (2, 2): 3, (3, 1): 32, (3, 2): 8}
{(1, 1): 420, (1, 2): 310, (2, 1): 21, (2, 2): 9, (3, 1): 29, (3, 2): 11}
{(1, 1): 710, (1, 2): 20, (2, 1): 27, (2, 2): 3, (3, 1): 37, (3, 2): 3}
{(1, 1): 41, (1, 2): 29, (1, 3): 29, (1, 4): 12, (2, 1): 75, (2, 2): 56, (2, 3): 100, (2, 4): 18, (3, 1): 34, (3, 2): 34, (3, 3): 41, (3, 4): 12, (4, 1): 70, (4, 2): 72, (4, 3): 93, (4, 4): 84}
{(1, 0): 0, (1, 1): 59, (1, 2): 32, (1, 3): 15, (1, 4): 5, (2, 0): 1, (2, 1): 107, (2, 2): 97, (2, 3): 31, (2, 4): 13, (3, 0): 0, (3, 1): 36, (3, 2): 54, (3, 3): 19, (3, 4): 12, (4, 0): 0, (4, 1): 93, (4, 2): 85, (4, 3): 68, (4, 4): 73}
{(1, 1): 14, (1, 2): 6, (1, 3): 91, (2, 1): 30, (2, 2): 15, (2, 3): 204, (3, 1): 19, (3, 2): 7, (3, 3): 95, (4, 1): 44, (4, 2): 8, (4, 3): 267}
{(1, 1): 7, (1, 2): 99, (1, 3): 5, (2, 1): 31, (2, 2): 206, (2, 3): 12, (3, 1): 19, (3, 2): 97, (3, 3): 5, (4, 1): 79, (4, 2): 172, (4, 3): 68}
{(1, 1): 81, (1, 2): 28, (1, 3): 2, (1, 4): 0, (2, 1): 158, (2, 2): 89, (2, 3): 2, (2, 4): 0, (3, 1): 72, (3, 2): 43, (3, 3): 5, (3, 4): 1, (4, 1): 197, (4, 2): 105, (4, 3): 14, (4, 4): 3}
{(1, 1): 5, (1, 2): 22, (1, 3): 71, (1, 4): 13, (2, 1): 6, (2, 2): 45, (2, 3): 154, (2, 4): 44, (3, 1): 2, (3, 2): 24, (3, 3): 76, (3, 4): 19, (4, 1): 8, (4, 2): 57, (4, 3): 204, (4, 4): 50}
{(1, 1): 100, (1, 2): 11, (2, 1): 217, (2, 2): 32, (3, 1): 99, (3, 2): 22, (4, 1): 268, (4, 2): 51}
{(1, 1): 74, (1, 2): 37, (2, 1): 152, (2, 2): 97, (3, 1): 72, (3, 2): 49, (4, 1): 172, (4, 2): 147}
{(1, 1): 108, (1, 2): 3, (2, 1): 236, (2, 2): 13, (3, 1): 117, (3, 2): 4, (4, 1): 313, (4, 2): 6}
{(1, 0): 0, (1, 1): 86, (1, 2): 67, (1, 3): 42, (1, 4): 25, (2, 0): 0, (2, 1): 71, (2, 2): 60, (2, 3): 39, (2, 4): 21, (3, 0): 1, (3, 1): 114, (3, 2): 94, (3, 3): 32, (3, 4): 22, (4, 0): 0, (4, 1): 24, (4, 2): 47, (4, 3): 20, (4, 4): 35}
{(1, 1): 22, (1, 2): 9, (1, 3): 189, (2, 1): 24, (2, 2): 9, (2, 3): 158, (3, 1): 32, (3, 2): 15, (3, 3): 216, (4, 1): 29, (4, 2): 3, (4, 3): 94}
{(1, 1): 40, (1, 2): 179, (1, 3): 1, (2, 1): 34, (2, 2): 155, (2, 3): 2, (3, 1): 48, (3, 2): 214, (3, 3): 1, (4, 1): 14, (4, 2): 26, (4, 3): 86}
{(1, 1): 137, (1, 2): 70, (1, 3): 11, (1, 4): 2, (2, 1): 126, (2, 2): 63, (2, 3): 2, (2, 4): 0, (3, 1): 160, (3, 2): 96, (3, 3): 5, (3, 4): 2, (4, 1): 85, (4, 2): 36, (4, 3): 5, (4, 4): 0}
{(1, 1): 8, (1, 2): 72, (1, 3): 132, (1, 4): 8, (2, 1): 2, (2, 2): 42, (2, 3): 119, (2, 4): 28, (3, 1): 5, (3, 2): 26, (3, 3): 185, (3, 4): 47, (4, 1): 6, (4, 2): 8, (4, 3): 69, (4, 4): 43}
{(1, 1): 185, (1, 2): 35, (2, 1): 165, (2, 2): 26, (3, 1): 233, (3, 2): 30, (4, 1): 101, (4, 2): 25}
{(1, 1): 158, (1, 2): 62, (2, 1): 117, (2, 2): 74, (3, 1): 140, (3, 2): 123, (4, 1): 55, (4, 2): 71}
{(1, 1): 207, (1, 2): 13, (2, 1): 180, (2, 2): 11, (3, 1): 261, (3, 2): 2, (4, 1): 126, (4, 2): 0}
{(0, 1): 0, (0, 2): 0, (0, 3): 1, (1, 1): 34, (1, 2): 10, (1, 3): 251, (2, 1): 38, (2, 2): 16, (2, 3): 214, (3, 1): 21, (3, 2): 7, (3, 3): 105, (4, 1): 14, (4, 2): 3, (4, 3): 86}
{(0, 1): 1, (0, 2): 0, (0, 3): 0, (1, 1): 83, (1, 2): 204, (1, 3): 8, (2, 1): 28, (2, 2): 207, (2, 3): 33, (3, 1): 16, (3, 2): 98, (3, 3): 19, (4, 1): 8, (4, 2): 65, (4, 3): 30}
{(0, 1): 0, (0, 2): 1, (0, 3): 0, (0, 4): 0, (1, 1): 210, (1, 2): 82, (1, 3): 3, (1, 4): 0, (2, 1): 170, (2, 2): 91, (2, 3): 7, (2, 4): 0, (3, 1): 73, (3, 2): 53, (3, 3): 5, (3, 4): 2, (4, 1): 55, (4, 2): 38, (4, 3): 8, (4, 4): 2}
{(0, 1): 0, (0, 2): 0, (0, 3): 1, (0, 4): 0, (1, 1): 10, (1, 2): 49, (1, 3): 212, (1, 4): 24, (2, 1): 2, (2, 2): 43, (2, 3): 164, (2, 4): 59, (3, 1): 2, (3, 2): 41, (3, 3): 68, (3, 4): 22, (4, 1): 7, (4, 2): 15, (4, 3): 60, (4, 4): 21}
{(0, 1): 1, (0, 2): 0, (1, 1): 286, (1, 2): 9, (2, 1): 214, (2, 2): 54, (3, 1): 90, (3, 2): 43, (4, 1): 93, (4, 2): 10}
{(0, 1): 1, (0, 2): 0, (1, 1): 212, (1, 2): 83, (2, 1): 138, (2, 2): 130, (3, 1): 63, (3, 2): 70, (4, 1): 56, (4, 2): 47}
{(0, 1): 1, (0, 2): 0, (1, 1): 286, (1, 2): 9, (2, 1): 258, (2, 2): 10, (3, 1): 128, (3, 2): 5, (4, 1): 101, (4, 2): 2}
{(1, 1): 14, (1, 2): 73, (1, 3): 20, (2, 1): 1, (2, 2): 33, (2, 3): 2, (3, 1): 121, (3, 2): 468, (3, 3): 68}
{(1, 1): 66, (1, 2): 35, (1, 3): 6, (1, 4): 0, (2, 1): 22, (2, 2): 13, (2, 3): 0, (2, 4): 1, (3, 1): 420, (3, 2): 217, (3, 3): 17, (3, 4): 3}
{(1, 1): 3, (1, 2): 28, (1, 3): 55, (1, 4): 21, (2, 1): 0, (2, 2): 8, (2, 3): 19, (2, 4): 9, (3, 1): 18, (3, 2): 112, (3, 3): 431, (3, 4): 96}
{(1, 1): 87, (1, 2): 20, (2, 1): 30, (2, 2): 6, (3, 1): 567, (3, 2): 90}
{(1, 1): 60, (1, 2): 47, (2, 1): 16, (2, 2): 20, (3, 1): 394, (3, 2): 263}
{(1, 1): 104, (1, 2): 3, (2, 1): 36, (2, 2): 0, (3, 1): 634, (3, 2): 23}
{(1, 1): 92, (1, 2): 41, (1, 3): 3, (1, 4): 0, (2, 1): 356, (2, 2): 200, (2, 3): 14, (2, 4): 4, (3, 1): 60, (3, 2): 24, (3, 3): 6, (3, 4): 0}
{(1, 1): 4, (1, 2): 24, (1, 3): 90, (1, 4): 18, (2, 1): 13, (2, 2): 118, (2, 3): 365, (2, 4): 78, (3, 1): 4, (3, 2): 6, (3, 3): 50, (3, 4): 30}
{(1, 1): 122, (1, 2): 14, (2, 1): 496, (2, 2): 78, (3, 1): 66, (3, 2): 24}
{(1, 1): 84, (1, 2): 52, (2, 1): 346, (2, 2): 228, (3, 1): 40, (3, 2): 50}
{(1, 1): 133, (1, 2): 3, (2, 1): 551, (2, 2): 23, (3, 1): 90, (3, 2): 0}
{(1, 1): 12, (1, 2): 97, (1, 3): 315, (1, 4): 84, (2, 1): 4, (2, 2): 45, (2, 3): 179, (2, 4): 37, (3, 1): 5, (3, 2): 5, (3, 3): 10, (3, 4): 3, (4, 1): 0, (4, 2): 1, (4, 3): 1, (4, 4): 2}
{(1, 1): 442, (1, 2): 66, (2, 1): 223, (2, 2): 42, (3, 1): 16, (3, 2): 7, (4, 1): 3, (4, 2): 1}
{(1, 1): 307, (1, 2): 201, (2, 1): 152, (2, 2): 113, (3, 1): 10, (3, 2): 13, (4, 1): 1, (4, 2): 3}
{(1, 1): 491, (1, 2): 17, (2, 1): 257, (2, 2): 8, (3, 1): 22, (3, 2): 1, (4, 1): 4, (4, 2): 0}
{(1, 1): 18, (1, 2): 3, (2, 1): 111, (2, 2): 37, (3, 1): 445, (3, 2): 60, (4, 1): 110, (4, 2): 16}
{(1, 1): 16, (1, 2): 5, (2, 1): 126, (2, 2): 22, (3, 1): 311, (3, 2): 194, (4, 1): 17, (4, 2): 109}
{(1, 1): 19, (1, 2): 2, (2, 1): 138, (2, 2): 10, (3, 1): 493, (3, 2): 12, (4, 1): 124, (4, 2): 2}
{(1, 1): 398, (1, 2): 286, (2, 1): 72, (2, 2): 44}
{(1, 1): 664, (1, 2): 20, (2, 1): 110, (2, 2): 6}
{(1, 1): 448, (1, 2): 22, (2, 1): 326, (2, 2): 4}
